Category,Name of cocktail,Type,Picture,,Base Spirit,Served,Garnish,Drinkware,Ingredients,Preparation,Commonly Served
Unforgettables,Alexander,Cocktail,//upload.wikimedia.org/wikipedia/commons/thumb/b/b6/Alexander_Cocktail.png/250px-Alexander_Cocktail.png,,"
Gin
","Straight up: chilled, without ice",nutmeg, Cocktail glass,"
30 ml Gin
30 ml crème de cacao (brown)
30 ml fresh cream
",Pour all ingredients into cocktail shaker filled with ice cubes. Shake and strain into a chilled cocktail glass.,After dinner
Unforgettables,Americano,IBA official cocktail,//upload.wikimedia.org/wikipedia/commons/thumb/2/2b/Americano_cocktail_at_Nightwood_Restaurant.jpg/250px-Americano_cocktail_at_Nightwood_Restaurant.jpg,,"
Vermouth
Campari
",On the rocks: poured over ice,"half an orange slice, lemon twist", Old fashioned glass,"
3 cl Campari
3 cl sweet red vermouth
A splash of soda water
","Pour the Campari and vermouth over ice into an old fashioned glass, add a splash of soda water and garnish with half orange slice and a lemon twist.",Before dinner
Unforgettables,Angel face,IBA official cocktail,//upload.wikimedia.org/wikipedia/commons/thumb/9/97/IBA_Cocktail_Angel_Face_%2828068833805%29.jpg/250px-IBA_Cocktail_Angel_Face_%2828068833805%29.jpg,,"
Gin
Calvados
","Straight up: chilled, without ice", Cocktail glass,"
3 cl gin
3 cl Apricot brandy
3 cl Calvados
",Pour all ingredients into cocktail shaker filled with ice cubes. Shake and strain into a chilled cocktail glass.,All day,† Angel face recipe at International Bartenders Association
Unforgettables,Aviation,IBA official cocktail,//upload.wikimedia.org/wikipedia/commons/thumb/4/4f/Aviation_Cocktail.jpg/250px-Aviation_Cocktail.jpg,,"
Gin
","Straight up: chilled, without ice",maraschino cherry, Cocktail glass,"
45 ml gin
15 ml maraschino Luxardo
15 ml lemon juice
1 barspoon crème de violette
",Add all ingredients into a cocktail shaker. Shake with cracked ice and strain into a chilled cocktail glass.,All day
Unforgettables,Between the sheets,IBA official cocktail,//upload.wikimedia.org/wikipedia/commons/thumb/b/bf/Between_The_Sheets_Cocktail.jpg/250px-Between_The_Sheets_Cocktail.jpg,,"
Cognac
Rum
Triple sec
","Straight up: chilled, without ice", Cocktail glass,"
30 ml white rum
30 ml cognac
30 ml triple sec
20 ml fresh lemon juice
",Add all ingredients into a cocktail shaker. Shake with ice and strain into a chilled cocktail glass.,All Day,† Between the sheets recipe at International Bartenders Association
Unforgettables,Boulevardier,IBA official cocktail,//upload.wikimedia.org/wikipedia/commons/thumb/f/ff/VTR_Happy_Hour_-_Boulevardier.jpg/250px-VTR_Happy_Hour_-_Boulevardier.jpg,,"
Bourbon whiskey
","Straight up: chilled, without ice","Orange zest, optionally a lemon zest", Cocktail glass,"
45 ml bourbon or rye whiskey
30 ml bitter Campari
30 ml sweet red vermouth
",Pour all ingredients into mixing glass with ice cubes. Stir well. Strain into a chilled cocktail glass.,† Boulevardier recipe at International Bartenders Association
Unforgettables,Brandy crusta,IBA official cocktail,//upload.wikimedia.org/wikipedia/commons/thumb/0/00/15-09-26-RalfR-WLC-0306.jpg/250px-15-09-26-RalfR-WLC-0306.jpg,,"Straight up: chilled, without ice",Orange or Lemon Twist, Cocktail glass,"
52.5 ml brandy
7.5 ml Maraschino Luxardo
1 Bar spoon Curaçao
15 ml Fresh lemon juice
1 Bar spoon simple syrup
2 dashes aromatic bitters
",Mix all ingredients with ice cubes in a mixing glass.  Strain into slim cocktail glass rimmed with sugar.,† Brandy crusta recipe at International Bartenders Association,
Unforgettables,Casino,IBA official cocktail,//upload.wikimedia.org/wikipedia/commons/thumb/5/5f/Casino_Cocktail_%289120690108%29.jpg/250px-Casino_Cocktail_%289120690108%29.jpg,,"
Gin
","Straight up: chilled, without ice",Lemon twist and maraschino cherry, Cocktail glass,"
4 cl gin (Old Tom)
1 cl Maraschino
1 cl fresh lemon juice
2 dashes orange bitters
",Pour all ingredients into shaker with ice cubes. Shake well. Strain into chilled cocktail glass. Garnish with a lemon twist and a maraschino cherry. Serve without a straw.,All Day
Unforgettables,Clover Club cocktail,IBA official cocktail,//upload.wikimedia.org/wikipedia/commons/thumb/8/82/15-09-26-RalfR-WLC-0126.jpg/250px-15-09-26-RalfR-WLC-0126.jpg,,"
Gin
","Straight up: chilled, without ice", Cocktail glass,"
4.5cl Gin
1.5cl lemon juice
1.5cl raspberry syrup
1 egg white or 20 ml aquafaba or 4 drops cocktail foamer
","Dry shake ingredients to emulsify, add ice, shake and served straight up.",All Day,† Clover Club cocktail recipe at International Bartenders Association
Unforgettables,Daiquiri,IBA official cocktail,//upload.wikimedia.org/wikipedia/commons/thumb/f/fd/Classic_Daiquiri_in_Cocktail_Glass.jpg/250px-Classic_Daiquiri_in_Cocktail_Glass.jpg,,"
Rum
","Straight up: chilled, without ice", Cocktail glass,"
60 ml white Cuban rum
20 ml fresh lime juice
2 bar spoons superfine sugar
",In a cocktail shaker add all ingredients. Stir well to dissolve the sugar. Add ice and shake. Strain into chilled cocktail glass.,Happy Hour / Summer drink,† Daiquiri recipe at International Bartenders Association
Unforgettables,Dry martini,IBA official cocktail,//upload.wikimedia.org/wikipedia/commons/thumb/8/80/15-09-26-RalfR-WLC-0084.jpg/250px-15-09-26-RalfR-WLC-0084.jpg,,"Straight up: chilled, without ice",Olive or lemon twist, Cocktail glass,"
60 mL (2.0 US fl oz) gin
10 mL (0.34 US fl oz) dry vermouth
",Pour all ingredients into mixing glass with ice cubes. Stir well. Strain into chilled martini cocktail glass.,Before dinner,"Squeeze oil from lemon peel onto the drink, or garnish with green olives if requested."
Unforgettables,Fizz,Cocktail,//upload.wikimedia.org/wikipedia/commons/thumb/a/a5/Gin_Fizz_en_El_Bulli.jpg/250px-Gin_Fizz_en_El_Bulli.jpg,,"
Gin
Whiskey
Rum
",,,,,,
Unforgettables,Hanky panky,IBA official cocktail,//upload.wikimedia.org/wikipedia/commons/thumb/2/23/Hanky_Panky_cocktail.jpg/250px-Hanky_Panky_cocktail.jpg,,"
Gin
Vermouth
","Straight up: chilled, without ice",Orange zest, Cocktail glass,"
45 ml London dry gin
45 ml Sweet red vermouth
7.5 ml Fernet-Branca
","Stirred over ice, strained into a chilled glass, garnished, and served up.",† Hanky panky recipe at International Bartenders Association
Unforgettables,John Collins,IBA official cocktail,//upload.wikimedia.org/wikipedia/commons/thumb/4/4e/IBA_Cocktail_John_Collins_%2829221732881%29.jpg/250px-IBA_Cocktail_John_Collins_%2829221732881%29.jpg,,"
Gin
",On the rocks: poured over ice,Lemon slice and maraschino cherry, Collins glass,"
45 ml gin
30 ml fresh lemon juice
15 ml simple syrup
60 ml soda water
",Pour all ingredients directly into a Collins glass filled with ice. Stir gently.,"Use ""Old Tom"" Gin for Tom Collins."
Unforgettables,The Last Word,IBA official cocktail,//upload.wikimedia.org/wikipedia/commons/thumb/4/43/The_Last_Word_cocktail_raised.jpg/250px-The_Last_Word_cocktail_raised.jpg,,"
Gin
green Chartreuse
","Straight up: chilled, without ice", Cocktail glass,"
22.5 ml gin
22.5 ml green Chartreuse
22.5 ml maraschino Luxardo
22.5 ml fresh lime juice
",Add all ingredients into a cocktail shaker. Shake with ice and strain into a chilled cocktail glass.,† The Last Word recipe at International Bartenders Association,
Unforgettables,Manhattan,IBA official cocktail,//upload.wikimedia.org/wikipedia/commons/thumb/d/de/Manhattan_Cocktail2.jpg/250px-Manhattan_Cocktail2.jpg,,"
Whiskey
","Straight up: chilled, without ice",Maraschino cherry, Cocktail glass,"
50 ml Rye whiskey
20 ml Sweet red vermouth
1 dash Angostura bitters
",Pour all ingredients into mixing glass with ice cubes. Stir well. Strain into a chilled cocktail glass.,Before dinner
Unforgettables,Martinez,IBA official cocktail,//upload.wikimedia.org/wikipedia/commons/thumb/d/dc/Martinez_Cocktail.jpg/250px-Martinez_Cocktail.jpg,,"
Gin
","Straight up: chilled, without ice",lemon zest, Cocktail glass,"
45 ml London Dry Gin
45 ml Sweet Red Vermouth
1 Bar Spoon Maraschino Liqueur
2 Dashes Orange Bitters
","Stirred over ice, strained into a chilled glass, garnished, and served up.",† Martinez recipe at International Bartenders Association
Unforgettables,Mary Pickford,IBA official cocktail,//upload.wikimedia.org/wikipedia/commons/thumb/1/1a/Mary_Pickford_Cocktail.jpg/250px-Mary_Pickford_Cocktail.jpg,,"
Rum
","Straight up: chilled, without ice", Cocktail glass,"
4.5 cl white rum
4.5 cl fresh pineapple juice
0.5 cl Grenadine
0.75 cl Maraschino
",Shake and strain into a chilled large cocktail glass,All Day,† Mary Pickford recipe at International Bartenders Association
Unforgettables,Monkey Gland,IBA official cocktail,//upload.wikimedia.org/wikipedia/commons/thumb/5/58/Monkey_Gland_%2811677703163%29.jpg/250px-Monkey_Gland_%2811677703163%29.jpg,,"
Gin
","Straight up: chilled, without ice", Cocktail glass,"
45 ml gin
45 ml orange juice
1 tablespoon absinthe
1 tablespoon grenadine
","Pour all ingredients into a cocktail shaker, shake well with ice, strain into a chilled cocktail glass.",All Day,† Monkey Gland recipe at International Bartenders Association
Unforgettables,Negroni,IBA official cocktail,//upload.wikimedia.org/wikipedia/commons/thumb/e/ea/C%C3%B3ctel_Negroni_Campari.jpg/250px-C%C3%B3ctel_Negroni_Campari.jpg,,"
Gin
Vermouth
Campari
",On the rocks: poured over ice,Orange slice, Old fashioned glass,"
30 mL gin
30 mL sweet red vermouth
30 mL Campari
","Build in glass over ice, garnish and serve.",Before dinner
Unforgettables,Old fashioned,IBA official cocktail,//upload.wikimedia.org/wikipedia/commons/thumb/6/6f/Whiskey_Old_Fashioned1.jpg/250px-Whiskey_Old_Fashioned1.jpg,,"
Whiskey
",On the rocks: poured over ice,"Orange slice or zest, and cocktail cherry", Old fashioned glass,"
45 ml bourbon or rye whiskey
1 sugar cube
Few dashes Angostura bitters
Few dashes plain water
","Place sugar cube in old fashioned glass and saturate with bitter, add few dashes of plain water. Muddle until dissolved. Fill the glass with ice cubes and add whiskey. Stir gently. Garnish with orange slice or zest, and a cocktail cherry.",Before dinner
Unforgettables,Paradise,IBA official cocktail,//upload.wikimedia.org/wikipedia/commons/thumb/b/b3/Paradise_cocktail.jpg/250px-Paradise_cocktail.jpg,,"
Gin
","Straight up: chilled, without ice", Cocktail glass,"
3.5 cl (7 parts) gin
2 cl (4 parts) apricot brandy
1.5 cl (3 parts) orange juice
",Shake together over ice.  Strain into cocktail glass and serve chilled.,All Day,† Paradise recipe at International Bartenders Association
Unforgettables,Planter's punch,IBA official cocktail,//upload.wikimedia.org/wikipedia/commons/thumb/1/10/Planters_Punch_2.jpg/250px-Planters_Punch_2.jpg,,"
Rum
",orange zest, Beverage glass,"
45 ml Jamaican rum
15 ml lime juice
30 ml sugar cane juice
",Pour all ingredients directly in a small tumbler or a typical terracotta glass.,"Add dilution up to taste, it can be given by water, ice or fresh juices.",† Planter's punch recipe at International Bartenders Association
Unforgettables,Porto Flip,IBA official cocktail,//upload.wikimedia.org/wikipedia/commons/thumb/d/d2/Porto_Flip.jpg/250px-Porto_Flip.jpg,,"
Port
","Straight up: chilled, without ice",Grated nutmeg, Cocktail glass,"
1.5 cl (3 parts) brandy
4.5 cl (9 parts) port
1 cl (2 parts) egg yolk
","Shake ingredients together in a mixer with ice.  Strain into glass, garnish and serve",After Dinner
Unforgettables,Fizz,Cocktail,//upload.wikimedia.org/wikipedia/commons/thumb/a/a5/Gin_Fizz_en_El_Bulli.jpg/250px-Gin_Fizz_en_El_Bulli.jpg,,"
Gin
Whiskey
Rum
",,,,,,
Unforgettables,Rusty nail,IBA official cocktail,//upload.wikimedia.org/wikipedia/commons/thumb/f/f3/Rusty_Nail_a_cocktail_by_%40tokenchick13_%2816503594826%29.jpg/250px-Rusty_Nail_a_cocktail_by_%40tokenchick13_%2816503594826%29.jpg,,"
Scotch whisky
Drambuie
",On the rocks: poured over ice,Orange peel (optional)[a], Old fashioned glass,45 ml Scotch whisky25 ml Drambuie,Pour all ingredients directly into an old fashioned glass filled with ice. Stir gently.,After dinner
Unforgettables,Sazerac,IBA official cocktail,//upload.wikimedia.org/wikipedia/commons/thumb/d/dd/SazeracRooseveltNOLA1July2009.JPG/250px-SazeracRooseveltNOLA1July2009.JPG,,"
Cognac
","Straight up: chilled, without ice",lemon zest, Old fashioned glass,"
50 ml cognac
10 ml absinthe
One sugar cube
Two dashes Peychaud's Bitters
","Rinse a chilled old-fashioned glass with the absinthe, add crushed ice and set it aside. Stir the remaining ingredients over ice in a mixing glass. Discard the ice and any excess absinthe from the prepared glass, strain the mixed drink into the glass.",After dinner
Unforgettables,Sidecar,IBA official cocktail,//upload.wikimedia.org/wikipedia/commons/thumb/9/94/Sidecar-cocktail.jpg/250px-Sidecar-cocktail.jpg,,"
Cognac
","Straight up: chilled, without ice", Cocktail glass,"
50 ml cognac
20 ml triple sec
20 ml fresh lemon juice
","Pour all ingredients into a cocktail shaker, shake well with ice, strain into a chilled cocktail glass.",All Day,† Sidecar recipe at International Bartenders Association
Unforgettables,Stinger,IBA official cocktail,//upload.wikimedia.org/wikipedia/commons/thumb/2/27/Stinger_Cocktail.jpg/250px-Stinger_Cocktail.jpg,,"
Cognac
","Straight up: chilled, without ice",Optional mint leave  [sic], Cocktail glass,"
50 ml cognac
20 ml white crème de menthe
",Pour all ingredients into mixing glass with ice cubes. Stir well. Strain into chilled martini cocktail glass.,After Dinner (Before Dinner)
Unforgettables,Tuxedo,IBA official cocktail,,,"Straight up: chilled, without ice","cherry, lemon zest", Cocktail glass,"
3 cl gin (Old Tom)
3 cl dry Vermouth
1/2 barspoon Maraschino
1/4 barspoon Absinthe
3 dashes orange bitters
",Stir all ingredients with ice and strain into a cocktail glass.  Garnish with a cherry and a twist of lemon zest.,All Day,† Tuxedo recipe at International Bartenders Association
Unforgettables,Vieux Carré,IBA official cocktail,//upload.wikimedia.org/wikipedia/commons/thumb/7/7e/Vieux_Carre_Cocktail.jpg/250px-Vieux_Carre_Cocktail.jpg,,"
Rye whiskey
Cognac
","Straight up: chilled, without ice",Orange zest and maraschino cherry, Cocktail glass,"
30 ml rye whiskey
30 ml cognac
30 ml sweet vermouth
1 bar spoon Bénédictine
2 dashes Peychaud's bitters
",Pour all ingredients into mixing glass with ice cubes. Stir well. Strain into a chilled cocktail glass.,† Vieux Carré recipe at International Bartenders Association
Unforgettables,Whiskey sour,IBA official cocktail,//upload.wikimedia.org/wikipedia/commons/thumb/5/59/Whiskey_Sour.jpg/250px-Whiskey_Sour.jpg,,"
Whiskey
",On the rocks or straight up,Maraschino cherry and half orange slice, Old fashioned glass,"
4.5 cl (3 parts) bourbon whiskey
3 cl (2 parts) fresh lemon juice
1.5 cl (1 part) simple syrup
","Shake with ice. Strain into chilled glass, garnish and serve.",Before dinner
Unforgettables,White lady,IBA official cocktail,//upload.wikimedia.org/wikipedia/commons/thumb/d/da/White_Lady_-_Beefeater_gin%2C_Cointreau%2C_fresh_lemon_juice_%2812403540403%29.jpg/250px-White_Lady_-_Beefeater_gin%2C_Cointreau%2C_fresh_lemon_juice_%2812403540403%29.jpg,,"
Gin
","Straight up: chilled, without ice", Cocktail glass,"
4 cl gin
3 cl Triple Sec
2 cl lemon juice
",Add all ingredients into cocktail shaker filled with ice. Shake well and strain into large cocktail glass.,All Day,This cocktail is a variant of the Sidecar
Contemporary Classics,Bellini,IBA official cocktail,//upload.wikimedia.org/wikipedia/commons/thumb/d/d5/Bellini_Cipriani%2C_Macaroni_Grill%2C_Dunwoody_GA.jpg/250px-Bellini_Cipriani%2C_Macaroni_Grill%2C_Dunwoody_GA.jpg,,"
Prosecco
","Straight up: chilled, without ice", Champagne flute,"
10 cl (2 parts) Prosecco
5 cl (1 part) fresh peach purée
","Pour peach purée into chilled glass, add sparkling wine. Stir gently.",Traditionally a Bellini uses white peaches for the fruit.,† Bellini recipe at International Bartenders Association
Contemporary Classics,Black Russian,IBA official cocktail,//upload.wikimedia.org/wikipedia/commons/thumb/9/91/Black_Russian.jpg/250px-Black_Russian.jpg,,"
Vodka
",On the rocks: poured over ice, Old fashioned glass,"
50 ml Vodka
20 ml Coffee liqueur
",Pour the ingredients into the old fashioned glass filled with ice cubes. Stir gently.,After dinner,† Black Russian recipe at International Bartenders Association
Contemporary Classics,Bloody Mary,IBA official cocktail,//upload.wikimedia.org/wikipedia/commons/thumb/1/1f/Bloody_Mary_Coctail_with_celery_stalk_-_Evan_Swigart.jpg/250px-Bloody_Mary_Coctail_with_celery_stalk_-_Evan_Swigart.jpg,,"
Vodka
",On the rocks: poured over ice,Celery and lemon wedge (optional), Rocks glass,"
45 ml vodka
90 ml tomato juice
15 ml fresh lemon juice
2 dashes of Worcestershire Sauce
Tabasco sauce
Celery salt
Black pepper
","Stir gently all the ingredients in a mixing glass with ice, pour into rocks glass.","If requested served with ice, pour into highball glass."
Contemporary Classics,Caipirinha,IBA official cocktail,//upload.wikimedia.org/wikipedia/commons/thumb/0/01/Caipirinha_with_lime.jpg/250px-Caipirinha_with_lime.jpg,,"
Cachaça
",On the rocks: poured over ice,"sugarcane, lime (ingredient)", Old fashioned glass,"
60 ml cachaça
1 lime cut into small wedges
4 teaspoons white cane sugar
",Place lime and sugar into a double old fashioned glass and muddle gently. Fill the glass with cracked ice and add Cachaça. Stir gently to involve ingredients.,Caipiroska – instead of cachaça use vodka
Contemporary Classics,Champagne Cocktail,IBA official cocktail,//upload.wikimedia.org/wikipedia/commons/thumb/9/96/Champagne_cocktail_-_Portal%2C_Clerkenwell%2C_London_%284356768748%29_%28cropped%29.jpg/250px-Champagne_cocktail_-_Portal%2C_Clerkenwell%2C_London_%284356768748%29_%28cropped%29.jpg,,"
Champagne
","Straight up: chilled, without ice",Orange slice and maraschino cherry, Champagne flute,"
9cl Champagne
1cl Cognac
2 dashes Angostura bitters
1 Sugar cube
",Add dash of Angostura bitter onto sugar cube and drop it into champagne flute. Add cognac followed by gently pouring chilled champagne. Garnish with orange slice and maraschino cherry.,† Champagne Cocktail recipe at International Bartenders Association
Contemporary Classics,Corpse reviver #1,Cocktail,,,"Straight up: chilled, without ice", Cocktail glass,"
2 parts cognac
1 part apple brandy or Calvados
1 part sweet vermouth
",Shake well and strain into cocktail glass.[8],,,
Contemporary Classics,Cosmopolitan,IBA official cocktail,//upload.wikimedia.org/wikipedia/commons/thumb/c/c0/Cosmopolitan_%285076906532%29.jpg/250px-Cosmopolitan_%285076906532%29.jpg,,"
Vodka
","Straight up: chilled, without ice",lime slice, Cosmopolitan or cocktail glass,"
40 ml Vodka Citron
15 ml Cointreau
15 ml Fresh lime juice
30 ml cranberry juice
",Shake all ingredients in cocktail shaker filled with ice. Strain into a large cocktail glass. Garnish with lime slice.,All day
Contemporary Classics,Cuba libre,IBA official cocktail,//upload.wikimedia.org/wikipedia/commons/thumb/5/5d/15-09-26-RalfR-WLC-0056.jpg/250px-15-09-26-RalfR-WLC-0056.jpg,,"
Rum
",On the rocks: poured over ice,Lime wedge, Highball glass,"
120 ml cola
50 ml white rum
10 ml Fresh lime juice
",Build all ingredients in a highball glass filled with ice. Garnish with lime wedge.,† Cuba libre recipe at International Bartenders Association
Contemporary Classics,French 75,IBA official cocktail,//upload.wikimedia.org/wikipedia/commons/thumb/0/0b/French_75.jpg/250px-French_75.jpg,,"
Champagne
","Straight up: chilled, without ice", Champagne flute,"
30 mL (1 US fl oz) gin
15 mL (0.5 US fl oz) lemon juice
15 mL (0.5 US fl oz) simple syrup
60 mL (2 US fl oz) Champagne
","Pour all the ingredients, except Champagne, into a shaker. Shake well and strain into a Champagne flute. Top up with Champagne. Stir gently.",† French 75 recipe at International Bartenders Association,
Contemporary Classics,French Connection,IBA official cocktail,//upload.wikimedia.org/wikipedia/commons/thumb/6/64/French_Connection_%28cocktail%29.jpg/250px-French_Connection_%28cocktail%29.jpg,,"
Cognac
Amaretto
",On the rocks: poured over ice, Old fashioned glass,"
3.5cl Cognac
3.5cl Amaretto liqueur
",Pour all ingredients directly into old fashioned glass filled with ice cubes. Stir gently.,After dinner,† French Connection recipe at International Bartenders Association
Contemporary Classics,Golden dream,IBA official cocktail,//upload.wikimedia.org/wikipedia/commons/thumb/1/15/Godlen-Dream_Mixed_Drink_Cocktail_%282360538105%29.jpg/250px-Godlen-Dream_Mixed_Drink_Cocktail_%282360538105%29.jpg,,"
Orange-flavored liqueur
Galliano
","Straight up: chilled, without ice", Cocktail glass,"
2 cl (2 parts) Galliano
2 cl (2 parts) Triple Sec
2 cl (2 parts) Fresh orange juice
1 cl (1 part) Fresh cream
",Shake with cracked ice.  Strain into glass and serve.,After dinner,Should be quite fluffy
Contemporary Classics,Grasshopper,IBA official cocktail,//upload.wikimedia.org/wikipedia/commons/thumb/7/7b/Grasshopper_cocktail.jpg/250px-Grasshopper_cocktail.jpg,,"
Crème de cacao
Crème de menthe
","Straight up: chilled, without ice", Cocktail glass,"
3 cl crème de menthe (green)
3 cl crème de cacao (white)
3 cl cream
",Pour ingredients into a cocktail shaker with ice. Shake briskly and then strain into a chilled cocktail glass.,After dinner,† Grasshopper recipe at International Bartenders Association
Contemporary Classics,Hemingway Special,IBA official cocktail,//upload.wikimedia.org/wikipedia/commons/thumb/2/22/Hemingway_Daiquiri.jpg/250px-Hemingway_Daiquiri.jpg,,"
Rum
","Straight up: chilled, without ice", Cocktail glass,"
6 cl (12 parts) Rum
4 cl (8 parts) grapefruit juice
1.5 cl (3 parts) Maraschino liqueur
1.5 cl (3 parts) fresh lime juice
",Pour all ingredients into a shaker with ice. Shake.,All day,† Hemingway Special recipe at International Bartenders Association
Contemporary Classics,Horse's neck,IBA official cocktail,//upload.wikimedia.org/wikipedia/commons/thumb/5/54/16-09-17-WikiLovesCocktails-Drink-Img0266_1.jpg/250px-16-09-17-WikiLovesCocktails-Drink-Img0266_1.jpg,,"
Brandy
",On the rocks: poured over ice,Long spiral of lemon zest, Highball glass,"
4 cL (1 part) Brandy
12 cL (3 parts) Ginger ale
Dash of Angostura bitter (optional)
","Pour brandy and ginger ale directly into highball glass with ice cubes. Stir gently. Garnish with lemon zest. If desired, add dashes of Angostura Bitter.",† Horse's neck recipe at International Bartenders Association
Contemporary Classics,Irish Coffee,IBA official cocktail,//upload.wikimedia.org/wikipedia/commons/thumb/6/61/Irish_coffee_glass.jpg/250px-Irish_coffee_glass.jpg,,"
Irish whiskey
",Hot, Irish coffee mug,"
50 mL Irish whiskey
120 mL hot coffee
50 mL fresh cream (chilled)
1 tsp sugar
","Pour the coffee into a preheated glass, add whiskey and sugar, and stir until dissolved. Pour cream slowly to form a distinct layer.",† Irish Coffee recipe at International Bartenders Association,
Contemporary Classics,Kir,IBA official cocktail,//upload.wikimedia.org/wikipedia/commons/thumb/c/c3/Kir_cocktail.jpg/250px-Kir_cocktail.jpg,,"
Wine
","Straight up: chilled, without ice", Wine glass (white),"
9 cl (9 parts) white wine
1 cl (1 part) crème de cassis
","Add the crème de cassis to the bottom of the glass, then top up with wine.",Before Dinner,A recipe can be found at the International Bartenders Association website.
Contemporary Classics,Long Island Iced Tea,IBA official cocktail,//upload.wikimedia.org/wikipedia/commons/thumb/4/45/Long_Island_Iced_Teas.jpg/250px-Long_Island_Iced_Teas.jpg,,"
Gin
Tequila
Vodka
Rum
",On the rocks: poured over ice,lemon slice (optional), Highball glass,"
15 ml Tequila
15 ml Vodka
15 ml White rum
15 ml Cointreau
15 ml Gin
30 ml Lemon juice
20 ml simple syrup
Top with Cola
",Add all ingredients into highball glass filled with ice. Stir gently. Optionally garnish with lemon slice.[1],† Long Island Iced Tea recipe at International Bartenders Association
Contemporary Classics,Mai Tai,IBA official cocktail,//upload.wikimedia.org/wikipedia/commons/thumb/7/74/Mai_Tai_Trader_Vics_Emeryville.jpg/250px-Mai_Tai_Trader_Vics_Emeryville.jpg,,"
Rum
",shaved or crushed ice,"pineapple spear, mint leaves, and lime peel", Old fashioned glass,"
30 ml amber Jamaican rum
30 ml Martinique molasses rhum
15 ml orange curaçao
15 ml orgeat syrup (almond)
30 ml fresh lime juice
7.5 ml simple syrup
",Add all ingredients into a shaker with ice. Shake and pour into a double rocks glass or a highball glass.,"The Martinique molasses rum used by Trader Vic was not an Agricole rum but a type of ""rummy"" from molasses."
Contemporary Classics,Margarita,IBA official cocktail,//upload.wikimedia.org/wikipedia/commons/thumb/3/37/MargaritaReal.jpg/250px-MargaritaReal.jpg,,"
Tequila
","Rocks, straight up, frozen",Half salt rim (optional), Margarita glass,"
50 ml tequila 100% agave
20 ml triple sec
15 ml freshly squeezed lime juice
",Add all ingredients into a shaker with ice. Shake and strain into a chilled cocktail glass.,† Margarita recipe at International Bartenders Association
Contemporary Classics,Mimosa,IBA official cocktail,//upload.wikimedia.org/wikipedia/commons/thumb/3/3a/Pool-side_Mimosas_at_The_Standard_Hotel.jpg/250px-Pool-side_Mimosas_at_The_Standard_Hotel.jpg,,"
Champagne
","Straight up: chilled, without ice",Orange twist, Champagne flute,"
7.5 cl champagne
7.5 cl orange juice
","Ensure both ingredients are well chilled, then mix into the glass. Serve cold.",† Mimosa recipe at International Bartenders Association
Contemporary Classics,Mint julep,IBA official cocktail,//upload.wikimedia.org/wikipedia/commons/thumb/5/55/Mint_Julep_im_Silberbecher.jpg/250px-Mint_Julep_im_Silberbecher.jpg,,"
Bourbon whiskey
",On the rocks: poured over ice,Mint sprig,Julep stainless steel cup,"
60 mL (2.0 US fl oz) bourbon whiskey
4 mint sprigs
1 teaspoon powdered sugar
2 teaspoons water
","In Julep Stainless Steel Cup gently muddle the mint with sugar and water. Fill the glass with cracked ice, add the Bourbon and stir well until the cup frosts.",† Mint julep recipe at International Bartenders Association
Contemporary Classics,Mojito,IBA official cocktail,//upload.wikimedia.org/wikipedia/commons/thumb/5/54/15-09-26-RalfR-WLC-0072.jpg/250px-15-09-26-RalfR-WLC-0072.jpg,,"
Rum
",On the rocks: poured over ice,sprigs of mint or slice of lime, Collins glass,"
45 ml white rum
20 ml fresh lime juice
6 sprigs of mint
2 teaspoons white cane sugar (or 2 cl of sugar syrup)
Soda water
",Mix mint sprigs with sugar and lime juice. Add splash of soda water and fill the glass with ice. Pour the rum and top with soda water. Light stir to involve all ingredients.,† Mojito recipe at International Bartenders Association
Contemporary Classics,Moscow mule,IBA official cocktail,//upload.wikimedia.org/wikipedia/commons/thumb/8/89/Cocktail_Moscow_Mule_im_Kupferbecher_mit_Minze.jpg/250px-Cocktail_Moscow_Mule_im_Kupferbecher_mit_Minze.jpg,,"
Vodka
",On the rocks: poured over ice,Lime Slice,copper mug,"
4.5 cl (9 parts) vodka
1 cl (2 parts) lime juice
12 cl (24 parts) ginger beer
",Combine vodka and ginger beer in a highball glass filled with ice. Add lime juice. Stir gently. Garnish.,† Moscow mule recipe at International Bartenders Association
Contemporary Classics,Piña Colada,IBA official cocktail,//upload.wikimedia.org/wikipedia/commons/thumb/b/b2/Pi%C3%B1a_Colada.jpg/250px-Pi%C3%B1a_Colada.jpg,,"
Rum
",Frozen: blended with ice,slice of pineapple with a cocktail cherry, Poco Grande glass,"
50 ml white rum
30 ml coconut cream
50 ml fresh pineapple juice
","Blend all the ingredients with ice in an electric blender, pour into a large glass, and serve with straws.",Historically a few drops of fresh lime juice or bitters were added to taste. 4 slices of fresh pineapple can be used instead of juice
Contemporary Classics,Pisco sour,IBA official cocktail,//upload.wikimedia.org/wikipedia/commons/thumb/2/27/Pisco_sour_20100613b.JPG/250px-Pisco_sour_20100613b.JPG,,"
Pisco
","Straight up: chilled, without ice",Few dashes of Amargo bitters on top as an aromatic garnish, Goblet,"
60 ml Pisco
30 ml fresh lemon juice
20 ml simple syrup
1 raw egg white
",Add all ingredients into a shaker with ice. Shake and strain into a chilled goblet glass.,All day
Contemporary Classics,Sea breeze,IBA official cocktail,//upload.wikimedia.org/wikipedia/commons/thumb/b/b1/Cocktail_with_vodka.jpg/250px-Cocktail_with_vodka.jpg,,"
Vodka
",On the rocks: poured over ice,lime slice, Highball glass,"
4 cl Vodka
12 cl Cranberry juice
3 cl Grapefruit juice
",Build all ingredients in a highball glass filled with ice. Garnish with lime wedge.,† Sea breeze recipe at International Bartenders Association
Contemporary Classics,Sex on the beach,IBA official cocktail,//upload.wikimedia.org/wikipedia/commons/thumb/a/a2/Sex_On_The_Beach.jpg/180px-Sex_On_The_Beach.jpg,,"
Vodka
",On the rocks: poured over ice,orange slice, Highball glass,"
4 cl Vodka
2 cl Peach schnapps
4 cl Orange juice
4 cl cranberry juice
",Build all ingredients in a highball glass filled with ice. Garnish with orange slice.,† Sex on the beach recipe at International Bartenders Association
Contemporary Classics,Singapore sling,IBA official cocktail,//upload.wikimedia.org/wikipedia/commons/thumb/7/7e/Singaporesling-march2017.jpg/250px-Singaporesling-march2017.jpg,,"
Gin
","Straight up: chilled, without ice",pineapple and Maraschino cherry, Hurricane glass,"
30 ml gin
15 ml cherry liqueur
7.5 ml Cointreau
7.5 ml DOM Bénédictine
120 ml fresh pineapple juice
15 ml fresh lime juice
10 ml Grenadine
1 dash Angostura bitters
",Pour all ingredients into a cocktail shaker filled with ice cubes. Shake well. Strain into a hurricane glass.,† Singapore sling recipe at International Bartenders Association
Contemporary Classics,Tequila sunrise,IBA official cocktail,//upload.wikimedia.org/wikipedia/commons/thumb/3/3c/Tequila_Sunrise_glass.jpg/250px-Tequila_Sunrise_glass.jpg,,"
Tequila
",On the rocks: poured over ice,half orange slice or orange zest, Highball glass,"
45 ml tequila
90 ml fresh orange juice
15 ml grenadine syrup
","Pour tequila and orange juice directly into highball glass filled with ice cubes. Add the grenadine syrup to create chromatic effect (sunrise), do not stir.",† Tequila sunrise recipe at International Bartenders Association
Contemporary Classics,Vesper,IBA official cocktail,//upload.wikimedia.org/wikipedia/commons/thumb/f/f1/The_Vesper.png/250px-The_Vesper.png,,"
Gin
","Straight up: chilled, without ice",lemon zest, Cocktail glass,"
45 ml gin
15 ml vodka
7.5 ml Lillet Blanc
",Pour all ingredients into a cocktail shaker filled with ice cubes. Shake and strain into a chilled cocktail glass.,Before dinner
Contemporary Classics,Zombie,IBA official cocktail,//upload.wikimedia.org/wikipedia/commons/thumb/d/dc/ZombieCocktail.jpg/250px-ZombieCocktail.jpg,,"
Rum
",On the rocks: poured over ice,mint sprig, Zombie glass,"
45 ml Jamaican dark rum
45 ml Puerto Rican gold rum
30 ml 151 Demerara rum
20 ml fresh lime juice
15 ml falernum
15 ml Donn’s Mix (2 parts fresh white grapefruit juice and 1 part cinnamon syrup)
1 tsp Grenadine syrup
1 dash Angostura bitters
6 drops Pernod
",Mix ingredients in a shaker with crushed ice and shake. Pour into a tall tumbler glass.,"Because of the high proof rum, this cocktail could be lit if desired."
New Era Drinks,Barracuda,IBA official cocktail,//upload.wikimedia.org/wikipedia/commons/thumb/a/a7/Barracuda_Sparkling_Cocktail.png/250px-Barracuda_Sparkling_Cocktail.png,,"
Rum
","Straight up: chilled, without ice", Margarita glass,"
4.5 cl gold rum
1.5 cl Galliano
6 cl pineapple juice
1 dash fresh lime juice
Top with Prosecco
","Shake pour ingredients with ice. Strain into glass, top with sparkling wine.",† Barracuda recipe at International Bartenders Association,
New Era Drinks,Bee's knees,IBA official cocktail,,,"Straight up: chilled, without ice",Garnish with lemon peel, Cocktail glass,"
2oz gin
1oz honey syrup
1oz lemon juice
garnish with lemon peel
","Combine gin, honey syrup and lemon juice into a mixing tin. Shake. Strain into chilled cocktail glass. Garnish with lemon peel.",† Bee's knees recipe at International Bartenders Association,
New Era Drinks,Bramble,IBA official cocktail,//upload.wikimedia.org/wikipedia/commons/thumb/2/22/Bramble_Cocktail1.jpg/250px-Bramble_Cocktail1.jpg,,"
Gin
",On the rocks: poured over ice,"Blackberry, lemon slice", Old fashioned glass,"
50 ml Gin
25 ml Fresh Lemon Juice
12.5 ml Sugar Syrup
15 ml Crème de Mûre
","Pour all ingredients into a cocktail shaker except the Crème de Mûre, shake well with ice, strain into chilled old fashioned glass filled with crushed ice, then pour the blackberry liqueur (Crème de Mûre) over the top of the drink, in a circular motion.",All Day
New Era Drinks,Canchanchara,IBA official cocktail,//upload.wikimedia.org/wikipedia/commons/thumb/1/10/Canchanchara.jpg/250px-Canchanchara.jpg,,"
Rum
",On the rocks: poured over ice,Lime wedge, Old fashioned glass,"
60 ml Cuban aguardiente
15 ml fresh lime juice
15 ml raw honey
50 ml water
","Mix honey with water and lime juice and spread the mixture on the bottom and sides of the glass. Add cracked ice, and then the rum. End by energetically stirring from bottom to top.",† Canchanchara recipe at International Bartenders Association
New Era Drinks,Dark 'n' stormy,IBA official cocktail,//upload.wikimedia.org/wikipedia/commons/thumb/f/f7/DarknStormy.jpg/250px-DarknStormy.jpg,,"
Rum
",On the rocks: poured over ice,Lime wedge, Highball glass,60 ml Goslings Rum100 ml Ginger Beer,In a highball glass filled with ice pour the ginger beer and top floating with the Rum.,Garnish with a lime wedge or slice.
New Era Drinks,Espresso martini,IBA official cocktail,//upload.wikimedia.org/wikipedia/commons/thumb/5/55/Bistrot_Bruno_Loubet%2C_Clerkenwell%2C_London_%284574785649%29.jpg/250px-Bistrot_Bruno_Loubet%2C_Clerkenwell%2C_London_%284574785649%29.jpg,,"
Vodka
","Straight up: chilled, without ice",3 coffee beans, Cocktail glass,"
50 ml vodka
30 ml Kahlúa
10 ml sugar syrup
1 strong espresso
","Pour all ingredients into cocktail shaker, shake well with ice, strain into chilled cocktail glass.",† Espresso martini recipe at International Bartenders Association
New Era Drinks,Fernandito,IBA official cocktail,//upload.wikimedia.org/wikipedia/commons/thumb/8/8d/Fernet_and_Coke_%28Fernet_con_Coca%29.jpg/250px-Fernet_and_Coke_%28Fernet_con_Coca%29.jpg,,"
Fernet-Branca
",On the rocks: poured over ice, Old fashioned glass,"
5 cl Fernet-Branca
Cola to top up
","Fill a double old-fashioned glass with ice. Pour in the Fernet-Branca, fill the glass with cola. Stir gently.",† Fernandito recipe at International Bartenders Association,
New Era Drinks,French martini,IBA official cocktail,//upload.wikimedia.org/wikipedia/commons/thumb/5/55/French_Martini.jpg/250px-French_Martini.jpg,,"
Vodka
raspberry liqueur
","Straight up: chilled, without ice",Squeeze oil from lemon peel onto the drink., Cocktail glass,"
45 ml vodka
15 ml raspberry liqueur
15 ml fresh pineapple juice
","Pour all ingredients into cocktail shaker, shake well with ice, strain into chilled cocktail glass.",Before dinner
New Era Drinks,Illegal,IBA official cocktail,,,"Served in one of two ways:
Straight up (no ice) in a chilled cocktail glass
On the rocks (over ice) in a traditional clay or terracotta mug
", Cocktail glass,"
3 cl Mezcal (espadín)
1.5 cl Jamaica overproof white rum
1.5 cl Falernum
1 barspoon maraschino Luxardo
2.25 cl fresh lime juice
1.5 cl simple syrup
Few drops of egg white (optional)
","Pour all ingredients into shaker with ice cubes. Shake vigorously. Strain into chilled cocktail glass, or ""on the rocks"" into a traditional clay or terracotta mug.",† Illegal recipe at International Bartenders Association,,
New Era Drinks,Lemon Drop,IBA official cocktail,//upload.wikimedia.org/wikipedia/commons/thumb/6/60/Lemon_Drop_cocktails.jpg/250px-Lemon_Drop_cocktails.jpg,,"
Vodka
","Straight up: chilled, without ice",sugar around rim, Cocktail glass,"
30 ml vodka citron
20 ml triple sec
15 ml fresh lemon juice
","Pour all ingredients into cocktail shaker, shake well with ice, strain into chilled cocktail glass. Garnish with sugar rim around the glass.",All Day
New Era Drinks,Naked and famous,IBA official cocktail,,,"Straight up: chilled, without ice", Cocktail glass,"
2.25 cl mezcal
2.25 cl yellow Chartreuse
2.25 cl Aperol
2.25 cl fresh lime juice
",Pour all ingredients into shaker with ice cubes. Shake well. Strain into chilled cocktail glass.,† and famous Naked and famous recipe at International Bartenders Association,,
New Era Drinks,New York sour,IBA official cocktail,//upload.wikimedia.org/wikipedia/commons/thumb/3/37/New_York_Sour.jpg/250px-New_York_Sour.jpg,,"
Whiskey
",On the rocks: poured over ice,Lemon or orange zest and cherry, Rocks glass,"
6 cl whiskey (rye or bourbon)
2.25 cl Simple syrup
3 cl fresh lemon juice
Few drops of egg white
1.5 cl red wine (Shiraz or Malbec)
","Pour the whiskey, syrup, lemon juice, and egg white into shaker with ice cubes. Shake vigorously. Strain into chilled rocks glass filled with ice. Float the wine on top. Garnish with lemon or orange zest and cherry.",† New York sour recipe at International Bartenders Association
New Era Drinks,Old Cuban,IBA official cocktail,//upload.wikimedia.org/wikipedia/commons/thumb/f/fb/VTR_-_The_%22Old_Cuban%22_%286038903420%29.jpg/250px-VTR_-_The_%22Old_Cuban%22_%286038903420%29.jpg,,"
Rum
","Straight up: chilled, without ice",Mint sprigs, Cocktail glass,"
4.5 cl aged rum
2.25 cl fresh lime juice
3 cl simple syrup
2 dashes Angostura bitters
6 to 8 mint leaves
6 cl champagne brut or Prosecco
","Pour all ingredients except the wine into cocktail shaker, shake well with ice, strain into chilled elegant cocktail glass. Top up with the sparkling wine and garnish with mint sprigs",† Old Cuban recipe at International Bartenders Association
New Era Drinks,Paloma,IBA official cocktail,//upload.wikimedia.org/wikipedia/commons/thumb/0/0c/TequilaPaloma.JPG/250px-TequilaPaloma.JPG,,"
Tequila
",On the rocks: poured over ice,slice of lime, Highball glass,"
50 ml 100% agave tequila
5 ml fresh lime juice
pinch of salt
100 ml pink grapefruit soda
","Pour the tequila into a highball glass, squeeze the lime juice. Add ice and salt, fill up pink grapefruit soda. Stir gently.",† Paloma recipe at International Bartenders Association
New Era Drinks,Paper plane,IBA official cocktail,//upload.wikimedia.org/wikipedia/commons/thumb/6/6d/Taub_Family_Outpost_-_June_11_2021_-_Sarah_Stierch_02.jpg/250px-Taub_Family_Outpost_-_June_11_2021_-_Sarah_Stierch_02.jpg,,"
Bourbon whiskey
","Straight up: chilled, without ice", Cocktail glass,"
30 ml Bourbon whiskey
30 ml Amaro (liqueur)
30 ml Aperol
30 ml fresh lemon juice
","Pour all ingredients into cocktail shaker, shake well with ice, strain into chilled cocktail glass.",† Paper plane recipe at International Bartenders Association,
New Era Drinks,Penicillin,IBA official cocktail,//upload.wikimedia.org/wikipedia/commons/thumb/1/18/The_Spotted_Owl_-_Penicillin.jpg/250px-The_Spotted_Owl_-_Penicillin.jpg,,"
Whisky
",On the rocks: poured over ice,Candied ginger, Old fashioned glass,"
60 ml blended Scotch whisky
7.5 ml Lagavulin 16y whisky
22.5 ml fresh lemon juice
22.5 ml honey syrup
2–3 quarter-sized slices of fresh ginger
","Muddle fresh ginger in a shaker and add the remaining ingredients, except for the Islay single malt whisky. Fill the shaker with ice and shake. Double-strain into a chilled old fashioned glass with ice. Float the single malt whisky on top.",† Penicillin recipe at International Bartenders Association
New Era Drinks,Russian spring punch,IBA official cocktail,//upload.wikimedia.org/wikipedia/commons/thumb/4/45/Russian_spring_punch.jpg/250px-Russian_spring_punch.jpg,,"
Vodka
",On the rocks: poured over ice, Highball glass,"
2.5 cl Vodka
1.5 cl Crème de cassis
1 cl Sugar Syrup
2.5 cl Lemon Juice, fresh
","Pour all ingredients into cocktail shaker except the sparkling wine, shake well with ice, strain into chilled tall tumbler glass filled with ice and top up with sparkling wine.",† Russian spring punch recipe at International Bartenders Association,
New Era Drinks,Spicy Fifty,IBA official cocktail,//upload.wikimedia.org/wikipedia/commons/thumb/5/51/Spicy_Fifty_variation.jpg/250px-Spicy_Fifty_variation.jpg,,"
Vodka
",Red chili pepper, Cocktail glass,"
50 ml Vodka Vanilla
15 ml Elderflower Cordial
15 ml Fresh Lime Juice
10 ml Monin Honey Syrup
2 thin Slices Red Chili Pepper
","Add ingredients to shaker, shake with ice, double strain into chilled cocktail glass, and garnish with red chili pepper.",† Spicy Fifty recipe at International Bartenders Association,
New Era Drinks,Spritz,IBA official cocktail,//upload.wikimedia.org/wikipedia/commons/thumb/5/5f/Aperol_Spritz_aboard_Viking_Mariella.jpg/250px-Aperol_Spritz_aboard_Viking_Mariella.jpg,,"
Prosecco
",On the rocks: poured over ice,Slice of Orange, Wine glass (white),"
9 cl Prosecco
6 cl Select/Aperol/Campari/Cynar
Splash of soda water
",Build all ingredients into a wine glass filled with ice. Stir gently.,"[1]
† Spritz recipe at International Bartenders Association"
New Era Drinks,Suffering bastard,IBA official cocktail,//upload.wikimedia.org/wikipedia/commons/thumb/a/af/Suffering_Bastard_Cocktail.jpg/250px-Suffering_Bastard_Cocktail.jpg,,On the rocks: poured over ice,mint springs  [sic] and optionally an orange slice as well, Collins glass,"
30 ml Cognac or brandy
30 ml gin
15 ml fresh lime juice
2 dashes Angostura bitters
top up ginger beer
","Pour all ingredients into a cocktail shaker except the ginger beer, shake well with ice, Pour unstrained into a Collins glass or in the original S. Bastard mug and top up with ginger beer.",† Suffering bastard recipe at International Bartenders Association,
New Era Drinks,Tipperary,IBA official cocktail,,,"Straight up: chilled, without ice",Orange slice, Cocktail glass,"
5 cl Irish whiskey
2.5 cl sweet red vermouth
1.5 cl green Chartreuse
2 dashes Angostura bitters
",Pour all ingredients into mixing glass with ice cubes. Stir well. Strain into chilled cocktail glass. Garnish with a slice of orange.,† Tipperary recipe at International Bartenders Association,
New Era Drinks,Tommy's margarita,IBA official cocktail,//upload.wikimedia.org/wikipedia/commons/thumb/6/64/TommysMargarita.jpg/250px-TommysMargarita.jpg,,"
Tequila
",On the rocks: poured over ice,Lime slice, Rocks glass,"
60 ml Tequila agave 100% reposado
30 ml Fresh lime juice (Persiano)
30 ml Agave syrup (1⁄2 water + 1⁄2 agave nectar)
","Pour all ingredients into a cocktail shaker, shake well with ice, strain into a chilled rocks glass filled with ice.",All Day
New Era Drinks,Trinidad Sour,IBA official cocktail,//upload.wikimedia.org/wikipedia/commons/thumb/7/7e/VTR_-_Trinidad_Sour_%2818045674468%29.jpg/250px-VTR_-_Trinidad_Sour_%2818045674468%29.jpg,,"
Angostura bitters
","Straight up: chilled, without ice", Cocktail glass,"
4.5 cl Angostura bitters
3 cl orgeat syrup
2.25 cl fresh lemon juice
1.5 cl rye whiskey
","Pour all ingredients into a cocktail shaker, shake well with ice, strain into chilled cocktail glass.",† Trinidad Sour recipe at International Bartenders Association,
New Era Drinks,Ve.n.to,IBA official cocktail,//upload.wikimedia.org/wikipedia/commons/thumb/3/34/Ve.n.to_cocktail.jpg/250px-Ve.n.to_cocktail.jpg,,"
Grappa
",On the rocks: poured over ice,Lemon zest and white grapes,Tumbler,"
4.5 cl white smooth grappa
2.25 cl fresh lemon juice
1.5 cl honey mix (made with chamomile infusion if desired)
1.5 cl chamomile cordial
1 cl egg white (optional)
",Pour all ingredients into the shaker. Shake vigorously with ice. Strain into a chilled small tumbler glass filled with ice.,"If desired, the water used to make the honey mix can be replaced by chamomile infusion."
New Era Drinks,Yellow bird,IBA official cocktail,//upload.wikimedia.org/wikipedia/commons/thumb/a/af/Yellow_Bird_at_Bar_Blanc%2C_Atlanta_GA.jpg/250px-Yellow_Bird_at_Bar_Blanc%2C_Atlanta_GA.jpg,,"
Rum
","Straight up: chilled, without ice", Cocktail glass,"
3 cl white rum
1.5 cl Galliano
1.5 cl triple sec
1.5 cl lime juice
","Pour all ingredients into a cocktail shaker, shake well with ice, strain into chilled cocktail glass",All day,† Yellow bird recipe at International Bartenders Association
